3M1169C3D6A,BOLT,
3M891-6,NUT,
4M116-39001,"WASHER, FLAT",
4M38C616L,"WASHER, LAMINATED",
74A400500-1017,,
74A400500-1018,,
74A400502-2005,"WASHER, KEY",
74A400503-2001,"PLATE, IDENT",
74A400504-2003,"PIN, PIVOT",
74A400505-2005,BOLT-RETAINER,
74A400510-1001,PIN ASSY,
74A400510-1002,PIN ASSY,
74A400511-2001,PIN,
74A400511-2002,PIN,
74A400511-2003,PIN,
74A400511-2004,PIN,
74A400512-1001,"LINK ASSY, LWR",
74A400512-1002,"LINK ASSY, LWR",
74A400513-2001,LINK,
74A400513-2002,LINK,
74A400513-2003,LINK,
74A400513-2004,LINK,
74A400515-2001,"SPACER, SLEEVE",
74A400517-1003,BOLT ASSY,
74A400519-2001,"NUT, PLAIN",
74A400520-2001,"WASHER, KEY",
74A400523-2001,ADAPTER,
74A400524-2003,STUD,
74A400526-1001,INSERT,
74A400526-2001,INSERT,
74A400527-2003,BOLT,
74A400528-2001,BUSHING,
74A400529-2001,BUSHING,
74A400532-2001,SPACER,
74A400533-2001,TARGET,
74A400534-2003,"BOLT, SHOULDER",
74A400536-1001,"LINK ASSY, UPR",
74A400536-1002,"LINK ASSY, UPR",
74A400537-2001,LINK,
74A400537-2002,LINK,
74A400538-1001,YOKE ASSY,
74A400538-1002,YOKE ASSY,
74A400539-2001,YOKE,
74A400539-2002,YOKE,
74A400540-2001,"WASHER, TAB LOCK",
74A400542-2001,BUSHING,
74A400545-2001,"NUT, PIN ASSY",
74A400546-2003,"TARGET,PROX SW",
74A400546-2004,"TARGET,PROX SW",
74A400547-2001,"BUSHING, CLAMP-UP",
74A400550-1001,PLANING MECH ASSY,
74A400550-1002,PLANING MECH ASSY,
74A400552-2001,"BUSHING,PIVOT,PTFE",
74A400556-2001,CLEVIS,
74A400557-2001,BUSHING,
74A400560-2003,BUSHING,
74A400561-1005,"LINK ASSY, LOWER",
74A400563-1001,CLEVIS ASSY,
74A400564-2005,"CYCLINDER, LOWER",
74A400565-2001,SPOOL,
74A400566-2001,SEAT,
74A400570-1001,ROD END ASSY,
74A400572-2003,"NUT,CASTLE",
74A400574-1001,"LINK ASSY, UPPER",
74A400575-2001,"ROD, SWAGING",
74A400575-2003,"ROD, THREADED END",
74A400580-1003,BELLCRANK ASSY,
74A400580-1004,BELLCRANK ASSY,
74A400581-2003,BELL CRANK,
74A400581-2004,BELL CRANK,
74A400583-2001,"BELLCRANK, FORGING",
74A400583-2002,"BELLCRANK, FORGING",
74A400587-2001,ROD END,
74A400591-2001,"BUSHING, BELLCRANK",
74A400592-1001,SUPPORT ASSY,
74A400592-1002,SUPPORT ASSY,
74A400593-2003A,SUPPORT,
74A400593-2004A,SUPPORT,
74A400593-2005,"SUPPORT, CASTING",
74A400593-2006,"SUPPORT, CASTING",
74A400594-1001,SUPPORT ASSY,
74A400594-1002,SUPPORT ASSY,
74A400595-2001,"SUPPORT, CASTING",
74A400595-2002,"SUPPORT, CASTING",
74A400595-2003,SUPPORT,
74A400595-2004,SUPPORT,
74A400596-2001,PLATE,
74A400596-2003,PLATE,
74A400600-1019,SHOCK ABS ASSY,
74A400601-1003,TUBE ASSEMBLY,
74A400602-2003,TUBE,
74A400603-2003,RETAINER,
74A400604-2003,PIN,
74A400605-2001,"LOCK-PLATE, SERR",
74A400606-1005,PISTON ASSEMBLY,
74A400607-2005,PISTON,
74A400607-2007,PISTON,
74A400608-2001,BUSHING,
74A400610-2003,"HEAD, PISTON",
74A400611-2003,"RING,SNUBBER",
74A400612-2001,"LOCK-PLATE, SERR",
74A400613-2009,"PIN,METERING",
74A400615-2007,"PLATE,ORIFICE",
74A400616-2001,"SCREW, SHOULDER",
74A400617-2003,"PISTON,SECONDARY",
74A400618-2001,"BEARING, LOWER",
74A400623-2005,"HEAD, FORGING",
74A400631-2005,"CYLINDER, OUTER",
74A400631-2007,"CYLINDER, OUTER",
74A400634-2001A,"PLATE,INSTRUCTION",
74A400635-2001,"NUT, ROUND",
74A400636-2001,"LOCK, NUT",
74A400639-2001A,"LOCK-PLATE,SERR",
74A400645-2001,"BOLT, SHOULDER",
74A400646-2001,"NUT, PLAIN",
74A400647-2005,"WASHER, KEY",
74A400650-2005,"BOLT, SHOULDER",
74A400651-2001,"BOLT, SHOULDER",
74A400653-2003,RING,
74A400654-2001,"SCREW, LOCK",
74A400655-2001,"NUT, GLAND",
74A400658-2001,"PLATE, IDENT",
74A400659-2015A,HEAD,
74A400659-2017,HEAD,
74A400660-1007,HEAD ASSEMBLY,
74A400700-1013,,
74A400700-1014,,
74A400700-2011,BRACE ASSY,
74A400700-2012,BRACE ASSY,
74A400701-1005,BELLCRANK ASSY-UPR,
74A400702-2005,BELLCRANK,
74A400702-2009,BELLCRANK,
74A400703-2003,"BELLCRANK, FORGING",
74A400704-2001,BUSHING,
74A400705-2003,LOCK-PLATE,
74A400707-2001,"PLATE, ID",
74A400710-2001,RETAINER,
74A400711-1001,RING ASSY,
74A400711-2001,RING,
74A400711-2003,RING,
74A400713-2007,"PLATE, LOCK",
74A400714-2003A,"BOLT, SHOULDER",
74A400715-2001,"WASHER, TAB LOCK",
74A400716-2003,"BOLT,SHOULDER",
74A400717-2001,PIN ECCENTRIC,
74A400718-2001,"BOLT, SHOULDER",
74A400719-2001,"WASHER, TAB LOCK",
74A400720-1003,SPINDLE ASSY,
74A400721-2001,"PLATE, RETAINER",
74A400723-2001,"SPACER, PLATE",
74A400724-2001,LOCK-PLATE,
74A400725-2003,"NUT, UNIV ATCH",
74A400726-2003,"WASHER, KEY",
74A400728-2001,BUSHING,
74A400730-1003,"SIDE BR ASSY,UPR",
74A400731-2001,"SIDE BRACE,UPR",
74A400731-2005,"SIDE BRACE,UPR",
74A400733-2001,"SIDE BRACE,UPR,FORGING",
74A400734-1003,UNIV ASSY,
74A400735-2003,SPINDLE,
74A400736-1001,ADAPTER ASSY,
74A400737-2001,ADAPTER,
74A400739-2003,"PIN, STRAIGHT",
74A400740-1001,"SIDE BR ASSY,LWR",
74A400741-2001,"SIDE BRACE,LWR",
74A400741-2003,"SIDE BRACE,LWR",
74A400743-2001,"SIDE BRACE,LWR,FORGING",
74A400744-2001,"PAD, JACK",
74A400745-2001,"PIN, STRAIGHT",
74A400747-2001,"PLATE, RETAINING",
74A400748-2001,"PIN, STRAIGHT",
74A400750-1005,"LINK ASSY, LWR",
74A400751-2005,"LINK, LOWER",
74A400754-2003,BUSHING,
74A400755-2001,BUSHING,
74A400756-2001,BUSHING,
74A400757-2001,BUSHING,
74A400758-2001,BUSHING,
74A400760-1003,CYLINDER ASSY,
74A400760-1004,CYLINDER ASSY,
74A400761-1001,CYLINDER ASSY,
74A400761-1002,CYLINDER ASSY,
74A400762-2001,CYLINDER,
74A400762-2002,CYLINDER,
74A400765-2001,PISTON,
74A400766-2001,"SPRING, HELICAL",
74A400767-2001,PLUNGER,
74A400768-2001,"CAP, LINEAR ACT",
74A400769-2001,"PIN, STRAIGHT",
74A400774-2001,LOCK-KEY,
74A400777-2001,PLUNGER,
74A400780-1003,CONN LINK ASSY,
74A400781-2001,LINK,
74A400782-2005,BUSHING,
74A400782-2007,BUSHING,
74A400785-2001,"PLATE, IDENT",
74A400800-1001,RETRACT ACTUATOR ASSY,
74A400803-2001,"PLATE, IDENT",
74A400804-2001,"TUBE, TRANSFER",
74A400806-2001,"PISTON, RETRACT",
74A400807-2001,"SPACER, PLATE",
74A400808-2001,"CYLINDER, RETRACT",
74A400809-2001,"PLATE, LOCKING",
74A400810-1001,HEAD ASSEMBLY,
74A400811-2001,HEAD,
74A400820-1001,ROD ASSEMBLY,
74A400821-2003,ROD,
74A400827-2001,"BOLT, SHOULDER",
74A400900-1003,LEVER ASSY,
74A400900-1004,LEVER ASSY,
74A400901-2005,LEVER,
74A400901-2006,LEVER,
74A400901-2007A,LEVER,
74A400901-2008A,LEVER,
74A400903-2001,"LEVER, FORGING",
74A400903-2002,"LEVER, FORGING",
74A400904-2003,BOLT-RETAINER,
74A400906-2001,"NUT, AXLE",
74A400907-1009,LEVER/AXLE ASSY,
74A400907-1010,LEVER/AXLE ASSY,
74A400909-2001,"BOLT, SHOULDER",
74A400912-1003,"BOLT, ASSY, RETNR",
74A400913-2003,"BOLT, SHOULDER",
74A400915-2003A,BUSHING,
74A400915-2005A,BUSHING,
74A400916-2003A,BUSHING,
74A400917-2003,"BOLT, SHOULDER",
74A400918-2001A,BUSHING,
74A400919-2001,BUSHING,
74A400919-2003,BUSHING,
74A400920-1001,"BRKT ASSY, PROX",
74A400920-1002,"BRKT ASSY, PROX",
74A400921-2001,"BRACKET, CASTING",
74A400921-2002,"BRACKET, CASTING",
74A400921-2003A,BRACKET,
74A400921-2004A,BRACKET,
74A400922-2003,SPACER,
74A400923-2001,"LINK,OVERCENTER",
74A400925-2001,"WASHER, KEY",
74A400927-2001,"LINK, PLAIN",
74A400928-2001,"WASHER, KEY, LWR",
74A400930-2001,"PLUG, PROTECTIVE",
74A400932-2003,"NUT, PLAIN, RND",
74A400933-2001,BUSHING,
74A400933-2003,BUSHING,
74A400935-1001,"BRKT ASSY, SPR",
74A400935-1002,"BRKT ASSY, SPR",
74A400938-2003,"SEAT, SPRING",
74A400939-1001,"ROD ASSY, SPR",
74A400940-1003,AXLE ASSY,
74A400941-2005,AXLE,
74A400941-2007,AXLE,
74A400943-2001,"AXLE, FORGING",
74A400948-2001,BUSHING,
74A400950-1011,CRANK ASSY,
74A400950-1012,CRANK ASSY,
74A400951-2015,"CRANK,AXLE",
74A400951-2016,"CRANK,AXLE",
74A400951-2017,"CRANK,AXLE",
74A400951-2018,"CRANK,AXLE",
74A400953-2001,"CRANK, AXLE, FORGING",
74A400953-2002,"CRANK, AXLE, FORGING",
74A400958-2001A,BUSHING,
74A400959-2001,BUSHING,
74A400960-1003,TRUNNION ASSY,
74A400960-1004,TRUNNION ASSY,
74A400961-2005,TRUNNION,
74A400961-2006,TRUNNION,
74A400961-2007,TRUNNION,
74A400961-2008,TRUNNION,
74A400963-2001,"TRUNNION, FORGING",
74A400963-2002,"TRUNNION, FORGING",
74A400964-2003,"PIN, TRUNNION",
74A400965-2001A,"BOLT,SHOULDER",
74A400966-2003,"WASHER, FLAT",
74A400967-2003,LOCK,
74A400968-2003,"PLUG, THREADED",
74A400970-2003,"WASHER, KEY",
74A400971-2003A,BUSHING,
74A400971-2005A,BUSHING,
74A400973-2003A,BUSHING,
74A400974-2001,BUSHING,
74A400974-2003,BUSHING,
74A400975-2001,BUSHING,
74A400979-2003,BUSHING,
74A400980-2001,BUSHING,
74A400984-2001,BUSHING,
74A400985-1007,TRUNNION ASSY,
74A400985-1008,TRUNNION ASSY,
74A400988-2001,BRACKET,
74A400988-2002,BRACKET,
74A400989-2003,"BRACKET,SHACKLE",
74A400990-2001,BRACKET,
74A400990-2002,BRACKET,
74A400992-2001,ROD,
74A400993-2001,LOCK - AXLE CRANK,
74A400994-2001,BUSHING,
74A400995-2001,BUSHING,
74A400997-2001,BRACKET,
74A410518-2001,"RING, TIEDOWN, FORGING",
74A410518-2005A,"RING, TIEDOWN",
74A410519-2003,SPRING,
74A410524-2001,"BOLT, SHACKLE",
74B400516-2001,"SCREW, CAP",
74B400555-101,ROD END ASSY (LH),
74B400555-103,ROD END ASSY (RH),
74B400555-201,BEARING,
74B400555-203,BEARING,
74B400562-201,"SPRING, LWR PLAN",
74B400609-101,BEARING,
74B400609-201,BEARING,
74B400626-101,"PLUG, EXPANSION",
74B400626-201,PLUG,
74B400637-101,"GAGE, HIGH PRES",
74B400638-101,"GAGE, LOW PRES",
74B400738-101,BEARING,
74B400819-101,"RING, PISTON",
74B400819-201,"RING, PISTON",
74B400819-203,"RING, EXPANDER",
74B400910-201,"ROLLER, UPLOCK",
74B400914-105,"BEARING,PLAIN",
74B400914-205,BEARING,
74B400936-201,"SPRING, INNER",
74B400937-201,"SPRING, OUTER",
74B400952-201,BUSHING,
74B400977-101,BEARING,
74B400977-201,BEARING,
74B410058-105,SCRAPER,
74B410058-107,"SCRAPER, LWR PLAN",
74B410058-113,SCRAPER,
7M1189N216-1,"RING, BACKUP",x
7M1189N219-1,"RING, BACKUP",x
7M1189N326-2,"RING, BACKUP",x
7M1189N326-3,"RETAINER, BACKUP",x
7M1189N425-3,"RETAINER, BACKUP",x
7M1189R113-3,"PACKING, PREFORMED",x
7M1189R216-1,"SEAL, TEE",
7M1189R219-1,"SEAL, TEE",
7M1189R326-2,"SEAL, TEE",
7M1189R425-3,"PACKING, PREFORMED",
7M1189RE326-3,"PACKING,PREFORMED",
7M1189RE431-3,"PACKING,PREFORMED",
7M1189SN113-3,"RETAINER, BACKUP",
7M1189SN431-3,"RETAINER, BACKUP",
7M1189ST113-3,"RETAINER, BACKUP",
7M1189ST431-3,"RETAINER, BACKUP",
7M1190N327-1,RING,
7M1190N437-3,"RETAINER, BACKUP",
7M1190R220-3,SEAL,
7M1190R327-1,"SEAL, TEE",
7M1190R346-3,"PACKING, PREFORMED",x
7M1190R437-3,"PACKING, PREFORMED",
7M1190RE337-3,"PACKING,PREFORMED",
7M1190SN220-3,RETAINER,
7M1190SN337-3,"RETAINER, BACKUP",
7M1190SN346-3,"RETAINER, BACKUP",
7M1190ST220-3,RETAINER,
7M1190ST337-3,"RETAINER, BACKUP",
7M1190ST346-3,"RETAINER, BACKUP",
7M1244C4,ADAPTER,
AN565DC428H10,SETSCREW,
AS3125-04,PLUG,
AS3126-04,PIN,
AS3585-05,PLUG,
AS3588-03,PLUG ASSY,
AS5986-06,ADAPTER,
M27426-3123C,RING,
M81934/1-06A016,BUSHING,x
M81935/3-6,LOCKING DEVICE,
M83461/1-010,PACKING,
M83461/1-011,PACKING,x
M83461/1-012,PACKING,x
M83461/1-018,PACKING,
M83461/1-116,PACKING,
M83461/1-118,PACKING,
M83461/1-123,PACKING,
M83461/1-130,PACKING,
M83461/1-147,PACKING,
M83461/1-156,PACKING,
M83461/1-227,PACKING,
M83461/1-236,PACKING,
M83461/1-240,PACKING,
M8791/1-011,RETAINER,x
M8791/1-116,RETAINER,x
M8791/1-118,RETAINER,x
M8791/1-123,RETAINER,x
M8791/1-227,RETAINER,x
MS14101-12,BEARING,x
MS14103-12,BEARING,x
MS15795-818,WASHER,x
MS19059-4815,"BALL, BEARING",x
MS20426AD3,RIVET,x
MS20995C32,LOCKWIRE,x
MS20995NC32,LOCKWIRE,x
MS21209F1-15,INSERT,x
MS21209F4-15,INSERT,x
MS24665-151,"PIN, COTTER",x
MS24665-153,"PIN, COTTER",x
MS24665-300,"PIN, COTTER",x
MS24665-302,"PIN, COTTER",x
MS24665-304,"PIN,COTTER",x
MS24665-306,COTTER PIN,x
MS24665-374,COTTER PIN,x
MS24665-86,"PIN, COTTER",x
MS27595-236,RETAINER,x
MS28776M2-38,"SCRAPER, PISTON",x
MS28778-4,"PACKING, PREFORMED",x
MS28778-5,"PACKING, PREFORMED",x
MS28889-2,"VALVE, AIR, HIGH P",x
MS35266-59,MACHINE SCREW,x
MS35266-60,SCREW,x
MS35276-259,SCREW,x
MS51988-12,"NUT,SELF-LOCKING",x
MS9882-16,"NUT, PLAIN, HEX",x
NAS1149C0332R,"WASHER, FLAT",
NAS1149C0363R,"WASHER, FLAT",
NAS1149C0416R,"WASHER,FLAT",
NAS1149C0463R,"WASHER, FLAT",
NAS1149C0516R,WASHER,
NAS1149C0532R,"WASHER,FLAT",
NAS1149C0632R,"WASHER, FLAT",
NAS1149C0663R,"WASHER, FLAT",
NAS1149C0763R,"WASHER, FLAT",
NAS1149C1063R,WASHER,
NAS1149C1232R,WASHER,
NAS1149C1290R,WASHER,
NAS1149E1063R,"WASHER, FLAT",
NAS1149E1290R,"WASHER, FLAT",
NAS1193K12C,LOCKING DEVICE,
NAS1291C4M,"NUT, SELF LOCKING",
NAS1291C7M,"NUT, SELF LOCKING",
NAS1351-3H5,SCREW,
NAS1351C5H12,MAKE FROM VENDOR PART,
NAS1423-9,"NUT,PLAIN,HEXAGON",
NAS1423C10,"NUT, PLAIN",
NAS1423C12,"NUT,PLAIN,HEX, JAM",
NAS1423C9,"NUT, PLAIN",
NAS1587-4C,"WASHER, CSK",
NAS509-18C,"NUT, DRILLED JAM",
NAS509-20C,"NUT, DRILLED JAM",
NAS509-6C,NUT (RH),
NAS509L6C,NUT (LH),
NAS516-1A,"FITTING, LUB.",
NAS516-1N,FITTING,
NAS6303U1H,SCREW,
NAS6303U62D,BOLT,
NAS6304-11,"BOLT, HEX HEAD",
NAS6304U2H,"BOLT, HEX HEAD",
NAS6304U66D,BOLT,
NAS6304U72D,BOLT,
NAS6306U40D,"BOLT, HEX HEAD",
NAS6704D17,BOLT,
NAS6705DU-13,BOLT,
NAS6706D19,BOLT,
ST3M404-12,NUT,x
ST3M404C10,NUT,x
ST3M404C3,"NUT, PLAIN",x
ST3M404C4,NUT,x
ST3M404C6,NUT,x
ST3M404C7,"NUT, PLAIN",x
ST3M494-3D10,"BOLT, SHOULDER",x
ST3M787-5,NUT,x
ST4M197-6,BEARING,x
ST9M387-6,"PLATE, MOD",x
